obs_date,value,driver_id
1960-01-01,0.71,AU_PLT_SUBST
1960-02-01,0.71,AU_PLT_SUBST
1960-03-01,0.77,AU_PLT_SUBST
1960-04-01,0.84,AU_PLT_SUBST
1960-05-01,0.76,AU_PLT_SUBST
1960-06-01,0.71,AU_PLT_SUBST
1960-07-01,0.75,AU_PLT_SUBST
1960-08-01,0.78,AU_PLT_SUBST
1960-09-01,0.81,AU_PLT_SUBST
1960-10-01,0.71,AU_PLT_SUBST
1960-11-01,0.63,AU_PLT_SUBST
1960-12-01,0.67,AU_PLT_SUBST
1961-01-01,0.64,AU_PLT_SUBST
1961-02-01,0.64,AU_PLT_SUBST
1961-03-01,0.78,AU_PLT_SUBST
1961-04-01,0.71,AU_PLT_SUBST
1961-05-01,0.64,AU_PLT_SUBST
1961-06-01,0.68,AU_PLT_SUBST
1961-07-01,0.67,AU_PLT_SUBST
1961-08-01,0.69,AU_PLT_SUBST
1961-09-01,0.71,AU_PLT_SUBST
1961-10-01,0.67,AU_PLT_SUBST
1961-11-01,0.64,AU_PLT_SUBST
1961-12-01,0.72,AU_PLT_SUBST
1962-01-01,0.76,AU_PLT_SUBST
1962-02-01,0.76,AU_PLT_SUBST
1962-03-01,0.71,AU_PLT_SUBST
1962-04-01,0.65,AU_PLT_SUBST
1962-05-01,0.73,AU_PLT_SUBST
1962-06-01,0.79,AU_PLT_SUBST
1962-07-01,0.76,AU_PLT_SUBST
1962-08-01,0.75,AU_PLT_SUBST
1962-09-01,0.8,AU_PLT_SUBST
1962-10-01,0.68,AU_PLT_SUBST
1962-11-01,0.59,AU_PLT_SUBST
1962-12-01,0.6,AU_PLT_SUBST
1963-01-01,0.57,AU_PLT_SUBST
1963-02-01,0.56,AU_PLT_SUBST
1963-03-01,0.56,AU_PLT_SUBST
1963-04-01,0.65,AU_PLT_SUBST
1963-05-01,0.69,AU_PLT_SUBST
1963-06-01,0.69,AU_PLT_SUBST
1963-07-01,0.76,AU_PLT_SUBST
1963-08-01,0.83,AU_PLT_SUBST
1963-09-01,0.7,AU_PLT_SUBST
1963-10-01,0.67,AU_PLT_SUBST
1963-11-01,0.63,AU_PLT_SUBST
1963-12-01,0.69,AU_PLT_SUBST
1964-01-01,0.73,AU_PLT_SUBST
1964-02-01,0.79,AU_PLT_SUBST
1964-03-01,0.82,AU_PLT_SUBST
1964-04-01,0.83,AU_PLT_SUBST
1964-05-01,0.87,AU_PLT_SUBST
1964-06-01,0.86,AU_PLT_SUBST
1964-07-01,0.94,AU_PLT_SUBST
1964-08-01,0.9,AU_PLT_SUBST
1964-09-01,0.82,AU_PLT_SUBST
1964-10-01,0.84,AU_PLT_SUBST
1964-11-01,0.84,AU_PLT_SUBST
1964-12-01,0.86,AU_PLT_SUBST
1965-01-01,0.85,AU_PLT_SUBST
1965-02-01,0.85,AU_PLT_SUBST
1965-03-01,0.85,AU_PLT_SUBST
1965-04-01,0.85,AU_PLT_SUBST
1965-05-01,0.84,AU_PLT_SUBST
1965-06-01,0.86,AU_PLT_SUBST
1965-07-01,0.88,AU_PLT_SUBST
1965-08-01,0.89,AU_PLT_SUBST
1965-09-01,0.91,AU_PLT_SUBST
1965-10-01,0.93,AU_PLT_SUBST
1965-11-01,0.91,AU_PLT_SUBST
1965-12-01,0.94,AU_PLT_SUBST
1966-01-01,0.97,AU_PLT_SUBST
1966-02-01,0.96,AU_PLT_SUBST
1966-03-01,1.07,AU_PLT_SUBST
1966-04-01,1.07,AU_PLT_SUBST
1966-05-01,1.04,AU_PLT_SUBST
1966-06-01,0.99,AU_PLT_SUBST
1966-07-01,0.97,AU_PLT_SUBST
1966-08-01,1,AU_PLT_SUBST
1966-09-01,1.05,AU_PLT_SUBST
1966-10-01,1.05,AU_PLT_SUBST
1966-11-01,1.03,AU_PLT_SUBST
1966-12-01,1.06,AU_PLT_SUBST
1967-01-01,1.08,AU_PLT_SUBST
1967-02-01,1.06,AU_PLT_SUBST
1967-03-01,1.04,AU_PLT_SUBST
1967-04-01,1.06,AU_PLT_SUBST
1967-05-01,1.04,AU_PLT_SUBST
1967-06-01,1.04,AU_PLT_SUBST
1967-07-01,1.04,AU_PLT_SUBST
1967-08-01,1.03,AU_PLT_SUBST
1967-09-01,1.04,AU_PLT_SUBST
1967-10-01,1.04,AU_PLT_SUBST
1967-11-01,1.01,AU_PLT_SUBST
1967-12-01,1.02,AU_PLT_SUBST
1968-01-01,1.03,AU_PLT_SUBST
1968-02-01,1.02,AU_PLT_SUBST
1968-03-01,1.03,AU_PLT_SUBST
1968-04-01,1.05,AU_PLT_SUBST
1968-05-01,1.08,AU_PLT_SUBST
1968-06-01,1.11,AU_PLT_SUBST
1968-07-01,1.1,AU_PLT_SUBST
1968-08-01,1.1,AU_PLT_SUBST
1968-09-01,1.16,AU_PLT_SUBST
1968-10-01,1.17,AU_PLT_SUBST
1968-11-01,1.1,AU_PLT_SUBST
1968-12-01,1.09,AU_PLT_SUBST
1969-01-01,1.09,AU_PLT_SUBST
1969-02-01,1.09,AU_PLT_SUBST
1969-03-01,1.13,AU_PLT_SUBST
1969-04-01,1.16,AU_PLT_SUBST
1969-05-01,1.24,AU_PLT_SUBST
1969-06-01,1.31,AU_PLT_SUBST
1969-07-01,1.3,AU_PLT_SUBST
1969-08-01,1.37,AU_PLT_SUBST
1969-09-01,1.32,AU_PLT_SUBST
1969-10-01,1.23,AU_PLT_SUBST
1969-11-01,1.21,AU_PLT_SUBST
1969-12-01,1.21,AU_PLT_SUBST
1970-01-01,1.3,AU_PLT_SUBST
1970-02-01,1.33,AU_PLT_SUBST
1970-03-01,1.35,AU_PLT_SUBST
1970-04-01,1.36,AU_PLT_SUBST
1970-05-01,1.33,AU_PLT_SUBST
1970-06-01,1.3,AU_PLT_SUBST
1970-07-01,1.29,AU_PLT_SUBST
1970-08-01,1.25,AU_PLT_SUBST
1970-09-01,1.28,AU_PLT_SUBST
1970-10-01,1.28,AU_PLT_SUBST
1970-11-01,1.27,AU_PLT_SUBST
1970-12-01,1.31,AU_PLT_SUBST
1971-01-01,1.34,AU_PLT_SUBST
1971-02-01,1.37,AU_PLT_SUBST
1971-03-01,1.38,AU_PLT_SUBST
1971-04-01,1.4,AU_PLT_SUBST
1971-05-01,1.4,AU_PLT_SUBST
1971-06-01,1.37,AU_PLT_SUBST
1971-07-01,1.35,AU_PLT_SUBST
1971-08-01,1.32,AU_PLT_SUBST
1971-09-01,1.3,AU_PLT_SUBST
1971-10-01,1.31,AU_PLT_SUBST
1971-11-01,1.29,AU_PLT_SUBST
1971-12-01,1.32,AU_PLT_SUBST
1972-01-01,1.39,AU_PLT_SUBST
1972-02-01,1.4,AU_PLT_SUBST
1972-03-01,1.45,AU_PLT_SUBST
1972-04-01,1.5,AU_PLT_SUBST
1972-05-01,1.51,AU_PLT_SUBST
1972-06-01,1.54,AU_PLT_SUBST
1972-07-01,1.51,AU_PLT_SUBST
1972-08-01,1.49,AU_PLT_SUBST
1972-09-01,1.46,AU_PLT_SUBST
1972-10-01,1.47,AU_PLT_SUBST
1972-11-01,1.48,AU_PLT_SUBST
1972-12-01,1.57,AU_PLT_SUBST
1973-01-01,1.7,AU_PLT_SUBST
1973-02-01,1.87,AU_PLT_SUBST
1973-03-01,1.98,AU_PLT_SUBST
1973-04-01,1.85,AU_PLT_SUBST
1973-05-01,1.85,AU_PLT_SUBST
1973-06-01,1.8,AU_PLT_SUBST
1973-07-01,1.96,AU_PLT_SUBST
1973-08-01,2.46,AU_PLT_SUBST
1973-09-01,2.26,AU_PLT_SUBST
1973-10-01,2.18,AU_PLT_SUBST
1973-11-01,2.14,AU_PLT_SUBST
1973-12-01,2.07,AU_PLT_SUBST
1974-01-01,2.04,AU_PLT_SUBST
1974-02-01,1.98,AU_PLT_SUBST
1974-03-01,1.74,AU_PLT_SUBST
1974-04-01,1.62,AU_PLT_SUBST
1974-05-01,1.54,AU_PLT_SUBST
1974-06-01,1.45,AU_PLT_SUBST
1974-07-01,1.64,AU_PLT_SUBST
1974-08-01,1.61,AU_PLT_SUBST
1974-09-01,1.4,AU_PLT_SUBST
1974-10-01,1.39,AU_PLT_SUBST
1974-11-01,1.32,AU_PLT_SUBST
1974-12-01,1.26,AU_PLT_SUBST
1975-01-01,1.15,AU_PLT_SUBST
1975-02-01,1.15,AU_PLT_SUBST
1975-03-01,1.14,AU_PLT_SUBST
1975-04-01,1.28,AU_PLT_SUBST
1975-05-01,1.37,AU_PLT_SUBST
1975-06-01,1.33,AU_PLT_SUBST
1975-07-01,1.35,AU_PLT_SUBST
1975-08-01,1.3,AU_PLT_SUBST
1975-09-01,1.42,AU_PLT_SUBST
1975-10-01,1.53,AU_PLT_SUBST
1975-11-01,1.47,AU_PLT_SUBST
1975-12-01,1.44,AU_PLT_SUBST
1976-01-01,1.49,AU_PLT_SUBST
1976-02-01,1.59,AU_PLT_SUBST
1976-03-01,1.71,AU_PLT_SUBST
1976-04-01,1.81,AU_PLT_SUBST
1976-05-01,1.78,AU_PLT_SUBST
1976-06-01,1.6,AU_PLT_SUBST
1976-07-01,1.53,AU_PLT_SUBST
1976-08-01,1.58,AU_PLT_SUBST
1976-09-01,1.56,AU_PLT_SUBST
1976-10-01,1.43,AU_PLT_SUBST
1976-11-01,1.41,AU_PLT_SUBST
1976-12-01,1.5,AU_PLT_SUBST
1977-01-01,1.58,AU_PLT_SUBST
1977-02-01,1.64,AU_PLT_SUBST
1977-03-01,1.62,AU_PLT_SUBST
1977-04-01,1.55,AU_PLT_SUBST
1977-05-01,1.5,AU_PLT_SUBST
1977-06-01,1.46,AU_PLT_SUBST
1977-07-01,1.42,AU_PLT_SUBST
1977-08-01,1.39,AU_PLT_SUBST
1977-09-01,1.41,AU_PLT_SUBST
1977-10-01,1.46,AU_PLT_SUBST
1977-11-01,1.46,AU_PLT_SUBST
1977-12-01,1.58,AU_PLT_SUBST
1978-01-01,1.72,AU_PLT_SUBST
1978-02-01,1.91,AU_PLT_SUBST
1978-03-01,2,AU_PLT_SUBST
1978-04-01,2.24,AU_PLT_SUBST
1978-05-01,2.25,AU_PLT_SUBST
1978-06-01,1.99,AU_PLT_SUBST
1978-07-01,1.95,AU_PLT_SUBST
1978-08-01,2.03,AU_PLT_SUBST
1978-09-01,2.24,AU_PLT_SUBST
1978-10-01,2.35,AU_PLT_SUBST
1978-11-01,2.42,AU_PLT_SUBST
1978-12-01,2.57,AU_PLT_SUBST
1979-01-01,2.8,AU_PLT_SUBST
1979-02-01,2.93,AU_PLT_SUBST
1979-03-01,3.01,AU_PLT_SUBST
1979-04-01,3.15,AU_PLT_SUBST
1979-05-01,3.04,AU_PLT_SUBST
1979-06-01,2.78,AU_PLT_SUBST
1979-07-01,2.48,AU_PLT_SUBST
1979-08-01,2.56,AU_PLT_SUBST
1979-09-01,2.88,AU_PLT_SUBST
1979-10-01,2.86,AU_PLT_SUBST
1979-11-01,3.03,AU_PLT_SUBST
1979-12-01,3.1,AU_PLT_SUBST
1980-01-01,3.01,AU_PLT_SUBST
1980-02-01,2.97,AU_PLT_SUBST
1980-03-01,2.6,AU_PLT_SUBST
1980-04-01,2.52,AU_PLT_SUBST
1980-05-01,2.44,AU_PLT_SUBST
1980-06-01,2.51,AU_PLT_SUBST
1980-07-01,2.75,AU_PLT_SUBST
1980-08-01,2.92,AU_PLT_SUBST
1980-09-01,2.85,AU_PLT_SUBST
1980-10-01,2.86,AU_PLT_SUBST
1980-11-01,2.94,AU_PLT_SUBST
1980-12-01,2.75,AU_PLT_SUBST
1981-01-01,2.68,AU_PLT_SUBST
1981-02-01,2.57,AU_PLT_SUBST
1981-03-01,2.5,AU_PLT_SUBST
1981-04-01,2.53,AU_PLT_SUBST
1981-05-01,2.49,AU_PLT_SUBST
1981-06-01,2.44,AU_PLT_SUBST
1981-07-01,2.41,AU_PLT_SUBST
1981-08-01,2.41,AU_PLT_SUBST
1981-09-01,2.49,AU_PLT_SUBST
1981-10-01,2.43,AU_PLT_SUBST
1981-11-01,2.37,AU_PLT_SUBST
1981-12-01,2.36,AU_PLT_SUBST
1982-01-01,2.38,AU_PLT_SUBST
1982-02-01,2.38,AU_PLT_SUBST
1982-03-01,2.38,AU_PLT_SUBST
1982-04-01,2.4,AU_PLT_SUBST
1982-05-01,2.41,AU_PLT_SUBST
1982-06-01,2.38,AU_PLT_SUBST
1982-07-01,2.23,AU_PLT_SUBST
1982-08-01,2.24,AU_PLT_SUBST
1982-09-01,2.43,AU_PLT_SUBST
1982-10-01,2.48,AU_PLT_SUBST
1982-11-01,2.48,AU_PLT_SUBST
1982-12-01,2.48,AU_PLT_SUBST
1983-01-01,2.28,AU_PLT_SUBST
1983-02-01,2.38,AU_PLT_SUBST
1983-03-01,2.49,AU_PLT_SUBST
1983-04-01,2.54,AU_PLT_SUBST
1983-05-01,2.54,AU_PLT_SUBST
1983-06-01,2.47,AU_PLT_SUBST
1983-07-01,2.46,AU_PLT_SUBST
1983-08-01,2.48,AU_PLT_SUBST
1983-09-01,2.47,AU_PLT_SUBST
1983-10-01,2.45,AU_PLT_SUBST
1983-11-01,2.41,AU_PLT_SUBST
1983-12-01,2.31,AU_PLT_SUBST
1984-01-01,2.26,AU_PLT_SUBST
1984-02-01,2.34,AU_PLT_SUBST
1984-03-01,2.38,AU_PLT_SUBST
1984-04-01,2.47,AU_PLT_SUBST
1984-05-01,2.4,AU_PLT_SUBST
1984-06-01,2.33,AU_PLT_SUBST
1984-07-01,2.23,AU_PLT_SUBST
1984-08-01,2.25,AU_PLT_SUBST
1984-09-01,2.18,AU_PLT_SUBST
1984-10-01,2.11,AU_PLT_SUBST
1984-11-01,2.1,AU_PLT_SUBST
1984-12-01,2.22,AU_PLT_SUBST
1985-01-01,2.27,AU_PLT_SUBST
1985-02-01,2.31,AU_PLT_SUBST
1985-03-01,2.25,AU_PLT_SUBST
1985-04-01,2.13,AU_PLT_SUBST
1985-05-01,2.09,AU_PLT_SUBST
1985-06-01,2.09,AU_PLT_SUBST
1985-07-01,2.05,AU_PLT_SUBST
1985-08-01,2.07,AU_PLT_SUBST
1985-09-01,2.08,AU_PLT_SUBST
1985-10-01,2.14,AU_PLT_SUBST
1985-11-01,2.14,AU_PLT_SUBST
1985-12-01,2.23,AU_PLT_SUBST
1986-01-01,2.18,AU_PLT_SUBST
1986-02-01,2.16,AU_PLT_SUBST
1986-03-01,2.19,AU_PLT_SUBST
1986-04-01,2.06,AU_PLT_SUBST
1986-05-01,2.07,AU_PLT_SUBST
1986-06-01,2.02,AU_PLT_SUBST
1986-07-01,1.93,AU_PLT_SUBST
1986-08-01,2,AU_PLT_SUBST
1986-09-01,2.09,AU_PLT_SUBST
1986-10-01,2.11,AU_PLT_SUBST
1986-11-01,2.12,AU_PLT_SUBST
1986-12-01,2.18,AU_PLT_SUBST
1987-01-01,2.18,AU_PLT_SUBST
1987-02-01,2.28,AU_PLT_SUBST
1987-03-01,2.33,AU_PLT_SUBST
1987-04-01,2.4,AU_PLT_SUBST
1987-05-01,2.4,AU_PLT_SUBST
1987-06-01,2.32,AU_PLT_SUBST
1987-07-01,2.33,AU_PLT_SUBST
1987-08-01,2.31,AU_PLT_SUBST
1987-09-01,2.51,AU_PLT_SUBST
1987-10-01,2.51,AU_PLT_SUBST
1987-11-01,2.56,AU_PLT_SUBST
1987-12-01,2.51,AU_PLT_SUBST
1988-01-01,2.49,AU_PLT_SUBST
1988-02-01,2.61,AU_PLT_SUBST
1988-03-01,2.59,AU_PLT_SUBST
1988-04-01,2.49,AU_PLT_SUBST
1988-05-01,2.43,AU_PLT_SUBST
1988-06-01,2.42,AU_PLT_SUBST
1988-07-01,2.44,AU_PLT_SUBST
1988-08-01,2.51,AU_PLT_SUBST
1988-09-01,2.51,AU_PLT_SUBST
1988-10-01,2.57,AU_PLT_SUBST
1988-11-01,2.57,AU_PLT_SUBST
1988-12-01,2.57,AU_PLT_SUBST
1989-01-01,2.44,AU_PLT_SUBST
1989-02-01,2.49,AU_PLT_SUBST
1989-03-01,2.44,AU_PLT_SUBST
1989-04-01,2.45,AU_PLT_SUBST
1989-05-01,2.43,AU_PLT_SUBST
1989-06-01,2.44,AU_PLT_SUBST
1989-07-01,2.49,AU_PLT_SUBST
1989-08-01,2.55,AU_PLT_SUBST
1989-09-01,2.65,AU_PLT_SUBST
1989-10-01,2.74,AU_PLT_SUBST
1989-11-01,2.84,AU_PLT_SUBST
1989-12-01,2.88,AU_PLT_SUBST
1990-01-01,2.78,AU_PLT_SUBST
1990-02-01,2.46,AU_PLT_SUBST
1990-03-01,2.48,AU_PLT_SUBST
1990-04-01,2.47,AU_PLT_SUBST
1990-05-01,2.48,AU_PLT_SUBST
1990-06-01,2.5,AU_PLT_SUBST
1990-07-01,2.56,AU_PLT_SUBST
1990-08-01,2.65,AU_PLT_SUBST
1990-09-01,2.7,AU_PLT_SUBST
1990-10-01,2.59,AU_PLT_SUBST
1990-11-01,2.53,AU_PLT_SUBST
1990-12-01,2.55,AU_PLT_SUBST
1991-01-01,2.59,AU_PLT_SUBST
1991-02-01,2.73,AU_PLT_SUBST
1991-03-01,2.59,AU_PLT_SUBST
1991-04-01,2.61,AU_PLT_SUBST
1991-05-01,2.63,AU_PLT_SUBST
1991-06-01,2.7,AU_PLT_SUBST
1991-07-01,2.69,AU_PLT_SUBST
1991-08-01,2.64,AU_PLT_SUBST
1991-09-01,2.74,AU_PLT_SUBST
1991-10-01,2.72,AU_PLT_SUBST
1991-11-01,2.71,AU_PLT_SUBST
1991-12-01,2.61,AU_PLT_SUBST
1992-01-01,2.57,AU_PLT_SUBST
1992-02-01,2.52,AU_PLT_SUBST
1992-03-01,2.45,AU_PLT_SUBST
1992-04-01,2.38,AU_PLT_SUBST
1992-05-01,2.38,AU_PLT_SUBST
1992-06-01,2.33,AU_PLT_SUBST
1992-07-01,2.35,AU_PLT_SUBST
1992-08-01,2.45,AU_PLT_SUBST
1992-09-01,2.44,AU_PLT_SUBST
1992-10-01,2.5,AU_PLT_SUBST
1992-11-01,2.54,AU_PLT_SUBST
1992-12-01,2.54,AU_PLT_SUBST
1993-01-01,2.35,AU_PLT_SUBST
1993-02-01,2.39,AU_PLT_SUBST
1993-03-01,2.53,AU_PLT_SUBST
1993-04-01,2.59,AU_PLT_SUBST
1993-05-01,2.68,AU_PLT_SUBST
1993-06-01,2.74,AU_PLT_SUBST
1993-07-01,2.82,AU_PLT_SUBST
1993-08-01,2.8,AU_PLT_SUBST
1993-09-01,2.73,AU_PLT_SUBST
1993-10-01,2.67,AU_PLT_SUBST
1993-11-01,2.64,AU_PLT_SUBST
1993-12-01,2.46,AU_PLT_SUBST
1994-01-01,2.42,AU_PLT_SUBST
1994-02-01,2.49,AU_PLT_SUBST
1994-03-01,2.69,AU_PLT_SUBST
1994-04-01,2.63,AU_PLT_SUBST
1994-05-01,2.39,AU_PLT_SUBST
1994-06-01,2.23,AU_PLT_SUBST
1994-07-01,2.19,AU_PLT_SUBST
1994-08-01,2.2,AU_PLT_SUBST
1994-09-01,2.21,AU_PLT_SUBST
1994-10-01,2.12,AU_PLT_SUBST
1994-11-01,2.19,AU_PLT_SUBST
1994-12-01,2.23,AU_PLT_SUBST
1995-01-01,2.13,AU_PLT_SUBST
1995-02-01,2.16,AU_PLT_SUBST
1995-03-01,2.04,AU_PLT_SUBST
1995-04-01,1.92,AU_PLT_SUBST
1995-05-01,1.75,AU_PLT_SUBST
1995-06-01,1.66,AU_PLT_SUBST
1995-07-01,1.63,AU_PLT_SUBST
1995-08-01,1.69,AU_PLT_SUBST
1995-09-01,1.76,AU_PLT_SUBST
1995-10-01,1.82,AU_PLT_SUBST
1995-11-01,1.94,AU_PLT_SUBST
1995-12-01,1.91,AU_PLT_SUBST
1996-01-01,1.86,AU_PLT_SUBST
1996-02-01,1.81,AU_PLT_SUBST
1996-03-01,1.72,AU_PLT_SUBST
1996-04-01,1.72,AU_PLT_SUBST
1996-05-01,1.7,AU_PLT_SUBST
1996-06-01,1.65,AU_PLT_SUBST
1996-07-01,1.68,AU_PLT_SUBST
1996-08-01,1.76,AU_PLT_SUBST
1996-09-01,1.75,AU_PLT_SUBST
1996-10-01,1.79,AU_PLT_SUBST
1996-11-01,1.77,AU_PLT_SUBST
1996-12-01,1.79,AU_PLT_SUBST
1997-01-01,1.77,AU_PLT_SUBST
1997-02-01,1.84,AU_PLT_SUBST
1997-03-01,2.04,AU_PLT_SUBST
1997-04-01,2,AU_PLT_SUBST
1997-05-01,1.9,AU_PLT_SUBST
1997-06-01,1.76,AU_PLT_SUBST
1997-07-01,1.8,AU_PLT_SUBST
1997-08-01,1.84,AU_PLT_SUBST
1997-09-01,1.79,AU_PLT_SUBST
1997-10-01,1.76,AU_PLT_SUBST
1997-11-01,1.83,AU_PLT_SUBST
1997-12-01,1.85,AU_PLT_SUBST
1998-01-01,1.82,AU_PLT_SUBST
1998-02-01,1.79,AU_PLT_SUBST
1998-03-01,1.79,AU_PLT_SUBST
1998-04-01,1.79,AU_PLT_SUBST
1998-05-01,1.78,AU_PLT_SUBST
1998-06-01,1.7,AU_PLT_SUBST
1998-07-01,1.67,AU_PLT_SUBST
1998-08-01,1.66,AU_PLT_SUBST
1998-09-01,1.64,AU_PLT_SUBST
1998-10-01,1.64,AU_PLT_SUBST
1998-11-01,1.66,AU_PLT_SUBST
1998-12-01,1.66,AU_PLT_SUBST
1999-01-01,1.71,AU_PLT_SUBST
1999-02-01,1.79,AU_PLT_SUBST
1999-03-01,1.76,AU_PLT_SUBST
1999-04-01,1.72,AU_PLT_SUBST
1999-05-01,1.73,AU_PLT_SUBST
1999-06-01,1.72,AU_PLT_SUBST
1999-07-01,1.78,AU_PLT_SUBST
1999-08-01,1.92,AU_PLT_SUBST
1999-09-01,1.87,AU_PLT_SUBST
1999-10-01,1.85,AU_PLT_SUBST
1999-11-01,1.93,AU_PLT_SUBST
1999-12-01,1.94,AU_PLT_SUBST
2000-01-01,1.95,AU_PLT_SUBST
2000-02-01,1.96,AU_PLT_SUBST
2000-03-01,1.98,AU_PLT_SUBST
2000-04-01,1.98,AU_PLT_SUBST
2000-05-01,1.99,AU_PLT_SUBST
2000-06-01,1.93,AU_PLT_SUBST
2000-07-01,1.9,AU_PLT_SUBST
2000-08-01,1.89,AU_PLT_SUBST
2000-09-01,1.81,AU_PLT_SUBST
2000-10-01,1.82,AU_PLT_SUBST
2000-11-01,1.97,AU_PLT_SUBST
2000-12-01,1.93,AU_PLT_SUBST
2001-01-01,1.93,AU_PLT_SUBST
2001-02-01,1.92,AU_PLT_SUBST
2001-03-01,1.98,AU_PLT_SUBST
2001-04-01,1.98,AU_PLT_SUBST
2001-05-01,2.01,AU_PLT_SUBST
2001-06-01,2.05,AU_PLT_SUBST
2001-07-01,2.12,AU_PLT_SUBST
2001-08-01,2.21,AU_PLT_SUBST
2001-09-01,2.36,AU_PLT_SUBST
2001-10-01,2.27,AU_PLT_SUBST
2001-11-01,2.28,AU_PLT_SUBST
2001-12-01,2.16,AU_PLT_SUBST
2002-01-01,2.21,AU_PLT_SUBST
2002-02-01,2.23,AU_PLT_SUBST
2002-03-01,2.35,AU_PLT_SUBST
2002-04-01,2.25,AU_PLT_SUBST
2002-05-01,2.12,AU_PLT_SUBST
2002-06-01,2.06,AU_PLT_SUBST
2002-07-01,2.13,AU_PLT_SUBST
2002-08-01,2.1,AU_PLT_SUBST
2002-09-01,2.04,AU_PLT_SUBST
2002-10-01,1.9,AU_PLT_SUBST
2002-11-01,1.91,AU_PLT_SUBST
2002-12-01,2.01,AU_PLT_SUBST
2003-01-01,2.04,AU_PLT_SUBST
2003-02-01,1.99,AU_PLT_SUBST
2003-03-01,2.02,AU_PLT_SUBST
2003-04-01,1.97,AU_PLT_SUBST
2003-05-01,1.88,AU_PLT_SUBST
2003-06-01,1.87,AU_PLT_SUBST
2003-07-01,1.91,AU_PLT_SUBST
2003-08-01,2.11,AU_PLT_SUBST
2003-09-01,2.27,AU_PLT_SUBST
2003-10-01,2.33,AU_PLT_SUBST
2003-11-01,2.59,AU_PLT_SUBST
2003-12-01,2.55,AU_PLT_SUBST
2004-01-01,2.54,AU_PLT_SUBST
2004-02-01,2.39,AU_PLT_SUBST
2004-03-01,2.34,AU_PLT_SUBST
2004-04-01,2.43,AU_PLT_SUBST
2004-05-01,2.68,AU_PLT_SUBST
2004-06-01,2.76,AU_PLT_SUBST
2004-07-01,2.81,AU_PLT_SUBST
2004-08-01,2.92,AU_PLT_SUBST
2004-09-01,2.93,AU_PLT_SUBST
2004-10-01,2.79,AU_PLT_SUBST
2004-11-01,2.77,AU_PLT_SUBST
2004-12-01,2.71,AU_PLT_SUBST
2005-01-01,2.69,AU_PLT_SUBST
2005-02-01,2.7,AU_PLT_SUBST
2005-03-01,2.75,AU_PLT_SUBST
2005-04-01,2.74,AU_PLT_SUBST
2005-05-01,2.77,AU_PLT_SUBST
2005-06-01,2.78,AU_PLT_SUBST
2005-07-01,2.81,AU_PLT_SUBST
2005-08-01,2.76,AU_PLT_SUBST
2005-09-01,2.75,AU_PLT_SUBST
2005-10-01,2.7,AU_PLT_SUBST
2005-11-01,2.7,AU_PLT_SUBST
2005-12-01,2.65,AU_PLT_SUBST
2006-01-01,2.62,AU_PLT_SUBST
2006-02-01,2.65,AU_PLT_SUBST
2006-03-01,2.62,AU_PLT_SUBST
2006-04-01,2.6,AU_PLT_SUBST
2006-05-01,2.62,AU_PLT_SUBST
2006-06-01,2.57,AU_PLT_SUBST
2006-07-01,2.62,AU_PLT_SUBST
2006-08-01,2.66,AU_PLT_SUBST
2006-09-01,2.68,AU_PLT_SUBST
2006-10-01,2.69,AU_PLT_SUBST
2006-11-01,2.77,AU_PLT_SUBST
2006-12-01,2.7,AU_PLT_SUBST
2007-01-01,2.69,AU_PLT_SUBST
2007-02-01,2.71,AU_PLT_SUBST
2007-03-01,2.69,AU_PLT_SUBST
2007-04-01,2.69,AU_PLT_SUBST
2007-05-01,2.7,AU_PLT_SUBST
2007-06-01,2.68,AU_PLT_SUBST
2007-07-01,2.67,AU_PLT_SUBST
2007-08-01,2.69,AU_PLT_SUBST
2007-09-01,2.69,AU_PLT_SUBST
2007-10-01,2.67,AU_PLT_SUBST
2007-11-01,2.72,AU_PLT_SUBST
2007-12-01,2.73,AU_PLT_SUBST
2008-01-01,2.77,AU_PLT_SUBST
2008-02-01,2.89,AU_PLT_SUBST
2008-03-01,3.01,AU_PLT_SUBST
2008-04-01,3.16,AU_PLT_SUBST
2008-05-01,3.51,AU_PLT_SUBST
2008-06-01,3.66,AU_PLT_SUBST
2008-07-01,3.93,AU_PLT_SUBST
2008-08-01,3.84,AU_PLT_SUBST
2008-09-01,3.56,AU_PLT_SUBST
2008-10-01,3.11,AU_PLT_SUBST
2008-11-01,2.73,AU_PLT_SUBST
2008-12-01,2.66,AU_PLT_SUBST
2009-01-01,2.64,AU_PLT_SUBST
2009-02-01,2.54,AU_PLT_SUBST
2009-03-01,2.61,AU_PLT_SUBST
2009-04-01,2.64,AU_PLT_SUBST
2009-05-01,2.72,AU_PLT_SUBST
2009-06-01,2.74,AU_PLT_SUBST
2009-07-01,2.79,AU_PLT_SUBST
2009-08-01,2.8,AU_PLT_SUBST
2009-09-01,2.81,AU_PLT_SUBST
2009-10-01,2.75,AU_PLT_SUBST
2009-11-01,2.83,AU_PLT_SUBST
2009-12-01,2.88,AU_PLT_SUBST
2010-01-01,3.02,AU_PLT_SUBST
2010-02-01,3.21,AU_PLT_SUBST
2010-03-01,3.4,AU_PLT_SUBST
2010-04-01,3.66,AU_PLT_SUBST
2010-05-01,3.58,AU_PLT_SUBST
2010-06-01,3.33,AU_PLT_SUBST
2010-07-01,3.27,AU_PLT_SUBST
2010-08-01,3.41,AU_PLT_SUBST
2010-09-01,3.39,AU_PLT_SUBST
2010-10-01,3.37,AU_PLT_SUBST
2010-11-01,3.5,AU_PLT_SUBST
2010-12-01,3.88,AU_PLT_SUBST
2011-01-01,4.19,AU_PLT_SUBST
2011-02-01,4.08,AU_PLT_SUBST
2011-03-01,4.19,AU_PLT_SUBST
2011-04-01,4.33,AU_PLT_SUBST
2011-05-01,4.16,AU_PLT_SUBST
2011-06-01,3.94,AU_PLT_SUBST
2011-07-01,3.94,AU_PLT_SUBST
2011-08-01,3.93,AU_PLT_SUBST
2011-09-01,3.83,AU_PLT_SUBST
2011-10-01,3.92,AU_PLT_SUBST
2011-11-01,4.2,AU_PLT_SUBST
2011-12-01,4.22,AU_PLT_SUBST
2012-01-01,4.26,AU_PLT_SUBST
2012-02-01,4.31,AU_PLT_SUBST
2012-03-01,4.35,AU_PLT_SUBST
2012-04-01,4.29,AU_PLT_SUBST
2012-05-01,4.22,AU_PLT_SUBST
2012-06-01,4.12,AU_PLT_SUBST
2012-07-01,4.03,AU_PLT_SUBST
2012-08-01,4.1,AU_PLT_SUBST
2012-09-01,4.06,AU_PLT_SUBST
2012-10-01,4.07,AU_PLT_SUBST
2012-11-01,4.29,AU_PLT_SUBST
2012-12-01,4.37,AU_PLT_SUBST
2013-01-01,4.36,AU_PLT_SUBST
2013-02-01,4.35,AU_PLT_SUBST
2013-03-01,4.29,AU_PLT_SUBST
2013-04-01,4.27,AU_PLT_SUBST
2013-05-01,4.1,AU_PLT_SUBST
2013-06-01,3.93,AU_PLT_SUBST
2013-07-01,3.94,AU_PLT_SUBST
2013-08-01,3.95,AU_PLT_SUBST
2013-09-01,3.99,AU_PLT_SUBST
2013-10-01,4.04,AU_PLT_SUBST
2013-11-01,4.14,AU_PLT_SUBST
2013-12-01,4.18,AU_PLT_SUBST
2014-01-01,4.18,AU_PLT_SUBST
2014-02-01,4.28,AU_PLT_SUBST
2014-03-01,4.47,AU_PLT_SUBST
2014-04-01,4.35,AU_PLT_SUBST
2014-05-01,4.38,AU_PLT_SUBST
2014-06-01,4.54,AU_PLT_SUBST
2014-07-01,5.17,AU_PLT_SUBST
2014-08-01,5.79,AU_PLT_SUBST
2014-09-01,6.17,AU_PLT_SUBST
2014-10-01,5.95,AU_PLT_SUBST
2014-11-01,5.84,AU_PLT_SUBST
2014-12-01,5.46,AU_PLT_SUBST
2015-01-01,5.3,AU_PLT_SUBST
2015-02-01,4.88,AU_PLT_SUBST
2015-03-01,4.72,AU_PLT_SUBST
2015-04-01,4.82,AU_PLT_SUBST
2015-05-01,4.5,AU_PLT_SUBST
2015-06-01,4.44,AU_PLT_SUBST
2015-07-01,4.65,AU_PLT_SUBST
2015-08-01,4.77,AU_PLT_SUBST
2015-09-01,4.58,AU_PLT_SUBST
2015-10-01,4.24,AU_PLT_SUBST
2015-11-01,4.03,AU_PLT_SUBST
2015-12-01,3.8,AU_PLT_SUBST
2016-01-01,3.63,AU_PLT_SUBST
2016-02-01,3.86,AU_PLT_SUBST
2016-03-01,4.03,AU_PLT_SUBST
2016-04-01,3.96,AU_PLT_SUBST
2016-05-01,4.04,AU_PLT_SUBST
2016-06-01,4.11,AU_PLT_SUBST
2016-07-01,4.26,AU_PLT_SUBST
2016-08-01,4.24,AU_PLT_SUBST
2016-09-01,4.12,AU_PLT_SUBST
2016-10-01,4.04,AU_PLT_SUBST
2016-11-01,4.3,AU_PLT_SUBST
2016-12-01,4.14,AU_PLT_SUBST
2017-01-01,4.07,AU_PLT_SUBST
2017-02-01,4.23,AU_PLT_SUBST
2017-03-01,4.35,AU_PLT_SUBST
2017-04-01,4.41,AU_PLT_SUBST
2017-05-01,4.6,AU_PLT_SUBST
2017-06-01,4.68,AU_PLT_SUBST
2017-07-01,4.67,AU_PLT_SUBST
2017-08-01,4.47,AU_PLT_SUBST
2017-09-01,4.3,AU_PLT_SUBST
2017-10-01,4.25,AU_PLT_SUBST
2017-11-01,4.33,AU_PLT_SUBST
2017-12-01,4.28,AU_PLT_SUBST
2018-01-01,4.3,AU_PLT_SUBST
2018-02-01,4.35,AU_PLT_SUBST
2018-03-01,4.44,AU_PLT_SUBST
2018-04-01,4.38,AU_PLT_SUBST
2018-05-01,4.32,AU_PLT_SUBST
2018-06-01,4.24,AU_PLT_SUBST
2018-07-01,4.19,AU_PLT_SUBST
2018-08-01,4.11,AU_PLT_SUBST
2018-09-01,4.01,AU_PLT_SUBST
2018-10-01,3.86,AU_PLT_SUBST
2018-11-01,3.95,AU_PLT_SUBST
2018-12-01,4.19,AU_PLT_SUBST
2019-01-01,4.24,AU_PLT_SUBST
2019-02-01,4.28,AU_PLT_SUBST
2019-03-01,4.48,AU_PLT_SUBST
2019-04-01,4.7,AU_PLT_SUBST
2019-05-01,4.6,AU_PLT_SUBST
2019-06-01,4.63,AU_PLT_SUBST
2019-07-01,4.63,AU_PLT_SUBST
2019-08-01,4.6,AU_PLT_SUBST
2019-09-01,4.65,AU_PLT_SUBST
2019-10-01,4.86,AU_PLT_SUBST
2019-11-01,5.94,AU_PLT_SUBST
2019-12-01,5.56,AU_PLT_SUBST
2020-01-01,5.04,AU_PLT_SUBST
2020-02-01,4.72,AU_PLT_SUBST
2020-03-01,4.47,AU_PLT_SUBST
2020-04-01,4.45,AU_PLT_SUBST
2020-05-01,5.08,AU_PLT_SUBST
2020-06-01,5.1,AU_PLT_SUBST
2020-07-01,4.7,AU_PLT_SUBST
2020-08-01,4.63,AU_PLT_SUBST
2020-09-01,4.6,AU_PLT_SUBST
2020-10-01,4.42,AU_PLT_SUBST
2020-11-01,4.4,AU_PLT_SUBST
2020-12-01,4.4,AU_PLT_SUBST
2021-01-01,4.46,AU_PLT_SUBST
2021-02-01,4.66,AU_PLT_SUBST
2021-03-01,4.72,AU_PLT_SUBST
2021-04-01,5.17,AU_PLT_SUBST
2021-05-01,5.48,AU_PLT_SUBST
2021-06-01,5.68,AU_PLT_SUBST
2021-07-01,5.59,AU_PLT_SUBST
2021-08-01,5.61,AU_PLT_SUBST
2021-09-01,5.77,AU_PLT_SUBST
2021-10-01,5.53,AU_PLT_SUBST
2021-11-01,5.69,AU_PLT_SUBST
2021-12-01,5.75,AU_PLT_SUBST
2022-01-01,5.81,AU_PLT_SUBST
2022-02-01,5.99,AU_PLT_SUBST
2022-03-01,6.07,AU_PLT_SUBST
2022-04-01,5.97,AU_PLT_SUBST
2022-05-01,5.94,AU_PLT_SUBST
2022-06-01,5.81,AU_PLT_SUBST
2022-07-01,5.73,AU_PLT_SUBST
2022-08-01,5.57,AU_PLT_SUBST
2022-09-01,5.44,AU_PLT_SUBST
2022-10-01,5.33,AU_PLT_SUBST
2022-11-01,5.07,AU_PLT_SUBST
2022-12-01,4.71,AU_PLT_SUBST
2023-01-01,4.65,AU_PLT_SUBST
2023-02-01,4.65,AU_PLT_SUBST
2023-03-01,4.84,AU_PLT_SUBST
2023-04-01,5.3,AU_PLT_SUBST
2023-05-01,5.31,AU_PLT_SUBST
2023-06-01,5.01,AU_PLT_SUBST
2023-07-01,4.78,AU_PLT_SUBST
2023-08-01,4.73,AU_PLT_SUBST
2023-09-01,4.9,AU_PLT_SUBST
2023-10-01,4.98,AU_PLT_SUBST
2023-11-01,4.88,AU_PLT_SUBST
2023-12-01,4.79,AU_PLT_SUBST
2024-01-01,5,AU_PLT_SUBST
2024-02-01,5.38,AU_PLT_SUBST
2024-03-01,5.73,AU_PLT_SUBST
2024-04-01,6.05,AU_PLT_SUBST
2024-05-01,5.88,AU_PLT_SUBST
2024-06-01,5.85,AU_PLT_SUBST
2024-07-01,6.19,AU_PLT_SUBST
2024-08-01,6.34,AU_PLT_SUBST
2024-09-01,6.3,AU_PLT_SUBST
2024-10-01,6.06,AU_PLT_SUBST
2024-11-01,6.18,AU_PLT_SUBST
2024-12-01,6.23,AU_PLT_SUBST
2025-01-01,6.46,AU_PLT_SUBST
2025-02-01,6.62,AU_PLT_SUBST
2025-03-01,6.77,AU_PLT_SUBST
2025-04-01,6.71,AU_PLT_SUBST
2025-05-01,6.62,AU_PLT_SUBST
2025-06-01,6.67,AU_PLT_SUBST
2025-07-01,6.72,AU_PLT_SUBST
2025-08-01,6.86,AU_PLT_SUBST
2025-09-01,6.9,AU_PLT_SUBST
2025-10-01,7.09,AU_PLT_SUBST
2025-11-01,7.51,AU_PLT_SUBST
2025-12-01,7.38,AU_PLT_SUBST
2026-01-01,7.97,AU_PLT_SUBST
2026-02-01,8.12,AU_PLT_SUBST
2026-03-01,8.21,AU_PLT_SUBST
2026-04-01,8.21,AU_PLT_SUBST
2026-05-01,7.95,AU_PLT_SUBST
2026-06-01,7.46,AU_PLT_SUBST
2026-07-01,7.31,AU_PLT_SUBST
2026-08-01,7.28,AU_PLT_SUBST
